cohort_window,cohort_sort_order,contract_type,total_customers,churned_count,retained_count,retention_rate_pct,churn_rate_pct,monthly_revenue_exposure
0-6m,1,Month-to-month,1413,780.0,633.0,44.8,55.2,78954.4
0-6m,1,One year,39,4.0,35.0,89.74,10.26,1066.75
0-6m,1,Two year,29,0.0,29.0,100.0,0.0,1046.8
7-12m,2,Month-to-month,581,244.0,337.0,58.0,42.0,37132.1
7-12m,2,One year,85,9.0,76.0,89.41,10.59,3372.15
7-12m,2,Two year,39,0.0,39.0,100.0,0.0,1057.55
13-24m,3,Month-to-month,737,278.0,459.0,62.28,37.72,51081.15
13-24m,3,One year,197,16.0,181.0,91.88,8.12,8841.1
13-24m,3,Two year,90,0.0,90.0,100.0,0.0,2907.6
25-36m,4,Month-to-month,486,158.0,328.0,67.49,32.51,36122.55
25-36m,4,One year,250,20.0,230.0,92.0,8.0,14524.7
25-36m,4,Two year,96,2.0,94.0,97.92,2.08,3911.55
37-48m,5,Month-to-month,316,106.0,210.0,66.46,33.54,24781.5
37-48m,5,One year,268,35.0,233.0,86.94,13.06,17568.6
37-48m,5,Two year,178,4.0,174.0,97.75,2.25,8184.4
49-60m,6,Month-to-month,234,65.0,169.0,72.22,27.78,19346.95
49-60m,6,One year,321,44.0,277.0,86.29,13.71,24116.1
49-60m,6,Two year,277,11.0,266.0,96.03,3.97,15235.2
61-72m,7,Month-to-month,108,24.0,84.0,77.78,22.22,9875.5
61-72m,7,One year,313,38.0,275.0,87.86,12.14,26327.2
61-72m,7,Two year,986,31.0,955.0,96.86,3.14,70662.75
